<?xml version="1.0" encoding="UTF-8"?>
<project-private xmlns="http://www.netbeans.org/ns/project-private/1">
    <editor-bookmarks xmlns="http://www.netbeans.org/ns/editor-bookmarks/2" lastBookmarkId="0"/>
    <open-files xmlns="http://www.netbeans.org/ns/projectui-open-files/2">
        <group>
            <file>file:/C:/xampp/htdocs/Moods/Uploads/Movies.xml</file>
            <file>file:/C:/xampp/htdocs/Moods/Controllers/errors.php</file>
            <file>file:/C:/xampp/htdocs/Moods/Public/css/styles.css</file>
            <file>file:/C:/xampp/htdocs/Moods/Views/File_upload/index.php</file>
            <file>file:/C:/xampp/htdocs/Moods/index.php</file>
            <file>file:/C:/xampp/htdocs/Moods/Public/js/Script.js</file>
            <file>file:/C:/xampp/htdocs/Moods/Views/Home/index.php</file>
            <file>file:/C:/xampp/htdocs/Moods/Controllers/file_upload.php</file>
            <file>file:/C:/xampp/htdocs/Moods/Images/First.jpg</file>
            <file>file:/C:/xampp/htdocs/Moods/Controllers/index.php</file>
            <file>file:/C:/xampp/htdocs/Moods/Views/Includes/head_section.php</file>
            <file>file:/C:/xampp/htdocs/Moods/Images/placeholder.jpg</file>
        </group>
    </open-files>
</project-private>
