<?xml version="1.0" encoding="UTF-8"?>
<programme_data>
<programme id="1">
<name>Scary Movie</name>
<image>Images/Scary.jpg</image>
<mood>Scared</mood>
</programme>
<programme id="2">
<name>School of Rock</name>
<image>Images/School.jpg</image>
<mood>Happy</mood>
</programme>
<programme id="3">
<name>First Blood</name>
<image>Images/First.jpg</image>
<mood>Wide Awake</mood>
</programme>
<programme id="4">
<name>Lost in Translation</name>
<image>Images/Lost.jpg</image>
<mood>Sad</mood>
</programme>
<programme id="5">
<name>How To Lose A Guy In 10 Days</name>
<image>Images/Lose.jpg</image>
<mood>Agitated</mood>
</programme>
<programme id="6">
<name>Deadpool</name>
<image>Images/Deadpool.jpg</image>
<mood>Calm</mood>
</programme>
<programme id="7">
<name>Clueless</name>
<image>Images/Clueless.jpg</image>
<mood>Tired</mood>
</programme>
<programme id="8">
<name>Saw</name>
<image>Images/Saw.jpg</image>
<mood>Fearless</mood>
</programme>
<programme id="9">
<name>Inception</name>
<image>Images/Inception.jpg</image>
<mood>Wide Awake</mood>
</programme>
<programme id="10">
<name>Up</name>
<image>Images/Up.jpg</image>
<mood>Happy</mood>
</programme>
<programme id="11">
<name>12 Years a Slave</name>
<image>Images/Twelve.jpg</image>
<mood>Sad</mood>
</programme>
<programme id="12">
<name>Finding Dory</name>
<image>Images/Dory.jpg</image>
<mood>Tired</mood>
</programme>
<programme id="13">
<name>Monsters Inc</name>
<image>Images/Monsters.jpg</image>
<mood>Scared</mood>
</programme>
<programme id="14">
<name>The Avengers</name>
<image>Images/Avengers.jpg</image>
<mood>Calm</mood>
</programme>
<programme id="15">
<name>The Intern</name>
<image>Images/Intern.jpg</image>
<mood>Agitated</mood>
</programme>
<programme id="16">
<name>Fearless</name>
<image>Images/fearless.jpg</image>
<mood>Fearless</mood>
</programme>
<programme id="17">
<name>Corpse Bride</name>
<image>Images/Corpse.jpg</image>
<mood>Scared</mood>
</programme>
<programme id="18">
<name>Never Been Kissed</name>
<image>Images/Never.jpg</image>
<mood>Happy</mood>
</programme>
<programme id="19">
<name>Mad Max: Fury Road</name>
<image>Images/Mad.jpg</image>
<mood>Wide Awake</mood>
</programme>
<programme id="20">
<name>Marley and Me</name>
<image>Images/Marley.jpg</image>
<mood>Sad</mood>
</programme>
<programme id="21">
<name>Before Sunrise</name>
<image>Images/Sunrise.jpg</image>
<mood>Agitated</mood>
</programme>
<programme id="22">
<name>Star Wars: The Last Jedi</name>
<image>Images/Jedi.jpg</image>
<mood>Calm</mood>
</programme>
<programme id="23">
<name>Bridget Jones's Diary</name>
<image>Images/Bridget.jpg</image>
<mood>Tired</mood>
</programme>
<programme id="24">
<name>Scream</name>
<image>Images/Scream.jpg</image>
<mood>Fearless</mood>
</programme>
<programme id="25">
<name>Hostel</name>
<image>Images/Hostel.jpg</image>
<mood>Fearless</mood>
</programme>
<programme id="26">
<name>Hotel Transylvania</name>
<image>Images/Transylvania.jpg</image>
<mood>Scared</mood>
</programme>
<programme id="27">
<name>Love Actually</name>
<image>Images/Love.jpg</image>
<mood>Happy</mood>
</programme>
<programme id="28">
<name>Mission:Impossible - Ghost Protocol</name>
<image>Images/Mission.jpg</image>
<mood>Wide Awake</mood>
</programme>
<programme id="29">
<name>It's A Wonderful Life</name>
<image>Images/Wonderful.jpg</image>
<mood>Sad</mood>
</programme>
<programme id="30">
<name>Napoleon Dynamite</name>
<image>Images/Napoleon.jpg</image>
<mood>Agitated</mood>
</programme>
<programme id="31">
<name>Fight Club</name>
<image>Images/Fight.jpg</image>
<mood>Calm</mood>
</programme>
<programme id="32">
<name>He's Just Not That Into You</name>
<image>Images/Just.jpg</image>
<mood>Tired</mood>
</programme>
<programme id="33">
<name>The Exorcist</name>
<image>Images/Exorcist.jpg</image>
<mood>Fearless</mood>
</programme>
<programme id="34">
<name>Gremlins</name>
<image>Images/Gremlins.jpg</image>
<mood>Scared</mood>
</programme>
<programme id="35">
<name>Forrest Gump</name>
<image>Images/Forrest.jpg</image>
<mood>Happy</mood>
</programme>
<programme id="36">
<name>The Matrix</name>
<image>Images/Matrix.jpg</image>
<mood>Wide Awake</mood>
</programme>
<programme id="37">
<name>Schindler's List</name>
<image>Images/Schindler.jpg</image>
<mood>Sad</mood>
</programme>
<programme id="38">
<name>The Grand Budapest Hotel</name>
<image>Images/Budapest.jpg</image>
<mood>Agitated</mood>
</programme>
<programme id="39">
<name>The Fast And The Furious</name>
<image>Images/fast.jpg</image>
<mood>Calm</mood>
</programme>
<programme id="40">
<name>Magic Mike</name>
<image>Images/Magic.jpg</image>
<mood>Tired</mood>
</programme>
</programme_data>